timestamp,user_id,event_type,listing_id,transaction_value
2026-08-01 00:04:00,usr_039,search_executed,,0.0
2026-08-01 00:09:00,usr_005,search_executed,,0.0
2026-08-01 00:09:00,usr_030,match_requested,lst_013,0.0
2026-08-01 00:38:00,usr_015,match_requested,lst_011,0.0
2026-08-01 00:54:00,usr_028,match_requested,lst_007,0.0
2026-08-01 04:09:00,usr_034,listing_viewed,lst_003,0.0
2026-08-01 04:15:00,usr_005,listing_viewed,lst_002,0.0
2026-08-01 04:31:00,usr_044,transaction_completed,lst_010,91.26
2026-08-01 05:01:00,usr_031,transaction_completed,lst_001,83.91
2026-08-01 05:02:00,usr_040,match_requested,lst_008,0.0
2026-08-01 05:29:00,usr_049,search_executed,,0.0
2026-08-01 06:35:00,usr_041,match_requested,lst_009,0.0
2026-08-01 06:44:00,usr_048,search_executed,,0.0
2026-08-01 07:46:00,usr_023,search_executed,,0.0
2026-08-01 08:24:00,usr_049,search_executed,,0.0
2026-08-01 08:32:00,usr_047,search_executed,,0.0
2026-08-01 08:46:00,usr_025,search_executed,,0.0
2026-08-01 08:49:00,usr_040,match_requested,lst_001,0.0
2026-08-01 09:16:00,usr_031,match_requested,lst_010,0.0
2026-08-01 09:40:00,usr_022,listing_viewed,lst_003,0.0
2026-08-01 10:00:00,usr_045,listing_viewed,lst_018,0.0
2026-08-01 10:34:00,usr_006,listing_viewed,lst_009,0.0
2026-08-01 10:59:00,usr_036,search_executed,,0.0
2026-08-01 11:01:00,usr_037,transaction_completed,lst_009,271.97
2026-08-01 11:03:00,usr_015,search_executed,,0.0
2026-08-01 11:06:00,usr_029,transaction_completed,lst_019,68.39
2026-08-01 11:38:00,usr_049,transaction_completed,lst_005,205.28
2026-08-01 12:08:00,usr_021,transaction_completed,lst_004,129.85
2026-08-01 13:47:00,usr_043,transaction_completed,lst_004,463.44
2026-08-01 13:52:00,usr_003,search_executed,,0.0
2026-08-01 14:06:00,usr_011,listing_viewed,lst_019,0.0
2026-08-01 14:23:00,usr_039,listing_viewed,lst_004,0.0
2026-08-01 14:36:00,usr_032,listing_viewed,lst_015,0.0
2026-08-01 14:36:00,usr_006,listing_viewed,lst_001,0.0
2026-08-01 14:59:00,usr_006,match_requested,lst_003,0.0
2026-08-01 15:24:00,usr_013,transaction_completed,lst_006,477.41
2026-08-01 15:28:00,usr_038,listing_viewed,lst_012,0.0
2026-08-01 15:33:00,usr_015,listing_viewed,lst_003,0.0
2026-08-01 15:36:00,usr_049,transaction_completed,lst_006,410.35
2026-08-01 15:56:00,usr_041,search_executed,,0.0
2026-08-01 15:56:00,usr_020,search_executed,,0.0
2026-08-01 16:08:00,usr_037,transaction_completed,lst_001,104.95
2026-08-01 16:20:00,usr_032,match_requested,lst_003,0.0
2026-08-01 16:24:00,usr_033,search_executed,,0.0
2026-08-01 16:35:00,usr_014,listing_viewed,lst_015,0.0
2026-08-01 17:20:00,usr_012,search_executed,,0.0
2026-08-01 17:40:00,usr_024,search_executed,,0.0
2026-08-01 17:42:00,usr_017,search_executed,,0.0
2026-08-01 18:40:00,usr_037,match_requested,lst_001,0.0
2026-08-01 18:42:00,usr_048,search_executed,,0.0
2026-08-01 19:14:00,usr_020,match_requested,lst_001,0.0
2026-08-01 20:18:00,usr_025,match_requested,lst_010,0.0
2026-08-01 20:29:00,usr_012,search_executed,,0.0
2026-08-01 20:52:00,usr_044,listing_viewed,lst_006,0.0
2026-08-01 21:16:00,usr_015,listing_viewed,lst_014,0.0
2026-08-01 21:19:00,usr_030,search_executed,,0.0
2026-08-01 22:11:00,usr_038,listing_viewed,lst_015,0.0
2026-08-01 22:21:00,usr_016,match_requested,lst_008,0.0
2026-08-01 22:33:00,usr_032,search_executed,,0.0
2026-08-01 22:45:00,usr_013,match_requested,lst_017,0.0
2026-08-01 23:08:00,usr_011,search_executed,,0.0
2026-08-01 23:09:00,usr_047,listing_viewed,lst_011,0.0
2026-08-01 23:14:00,usr_012,search_executed,,0.0
2026-08-01 23:29:00,usr_026,listing_viewed,lst_001,0.0
2026-08-02 00:20:00,usr_022,search_executed,,0.0
2026-08-02 00:41:00,usr_019,listing_viewed,lst_001,0.0
2026-08-02 00:55:00,usr_041,listing_viewed,lst_017,0.0
2026-08-02 01:24:00,usr_009,search_executed,,0.0
2026-08-02 01:42:00,usr_046,listing_viewed,lst_010,0.0
2026-08-02 02:00:00,usr_045,listing_viewed,lst_019,0.0
2026-08-02 02:25:00,usr_040,match_requested,lst_006,0.0
2026-08-02 02:44:00,usr_044,listing_viewed,lst_011,0.0
2026-08-02 02:45:00,usr_048,search_executed,,0.0
2026-08-02 02:59:00,usr_001,search_executed,,0.0
2026-08-02 03:02:00,usr_042,search_executed,,0.0
2026-08-02 03:13:00,usr_041,listing_viewed,lst_001,0.0
2026-08-02 03:19:00,usr_042,listing_viewed,lst_003,0.0
2026-08-02 03:20:00,usr_003,search_executed,,0.0
2026-08-02 03:28:00,usr_008,match_requested,lst_008,0.0
2026-08-02 03:47:00,usr_038,listing_viewed,lst_002,0.0
2026-08-02 04:24:00,usr_013,match_requested,lst_010,0.0
2026-08-02 04:32:00,usr_032,listing_viewed,lst_002,0.0
2026-08-02 04:54:00,usr_041,listing_viewed,lst_007,0.0
2026-08-02 05:02:00,usr_006,search_executed,,0.0
2026-08-02 05:17:00,usr_037,search_executed,,0.0
2026-08-02 05:22:00,usr_043,match_requested,lst_013,0.0
2026-08-02 06:28:00,usr_011,transaction_completed,lst_013,289.67
2026-08-02 06:28:00,usr_037,search_executed,,0.0
2026-08-02 06:41:00,usr_025,listing_viewed,lst_007,0.0
2026-08-02 07:15:00,usr_036,listing_viewed,lst_016,0.0
2026-08-02 07:35:00,usr_011,search_executed,,0.0
2026-08-02 07:35:00,usr_046,search_executed,,0.0
2026-08-02 07:46:00,usr_047,search_executed,,0.0
2026-08-02 07:53:00,usr_049,search_executed,,0.0
2026-08-02 08:07:00,usr_029,match_requested,lst_019,0.0
2026-08-02 08:29:00,usr_033,match_requested,lst_007,0.0
2026-08-02 08:49:00,usr_042,listing_viewed,lst_008,0.0
2026-08-02 09:06:00,usr_019,search_executed,,0.0
2026-08-02 09:20:00,usr_005,transaction_completed,lst_006,460.92
2026-08-02 09:52:00,usr_029,search_executed,,0.0
2026-08-02 10:09:00,usr_001,search_executed,,0.0
2026-08-02 10:22:00,usr_045,search_executed,,0.0
2026-08-02 10:24:00,usr_040,search_executed,,0.0
2026-08-02 10:34:00,usr_031,match_requested,lst_008,0.0
2026-08-02 10:39:00,usr_030,search_executed,,0.0
2026-08-02 11:16:00,usr_020,search_executed,,0.0
2026-08-02 11:39:00,usr_033,search_executed,,0.0
2026-08-02 11:56:00,usr_042,transaction_completed,lst_014,297.29
2026-08-02 12:20:00,usr_029,search_executed,,0.0
2026-08-02 12:38:00,usr_021,search_executed,,0.0
2026-08-02 12:59:00,usr_002,search_executed,,0.0
2026-08-02 15:31:00,usr_012,match_requested,lst_019,0.0
2026-08-02 15:45:00,usr_040,search_executed,,0.0
2026-08-02 16:27:00,usr_033,listing_viewed,lst_019,0.0
2026-08-02 17:12:00,usr_037,search_executed,,0.0
2026-08-02 17:29:00,usr_032,match_requested,lst_005,0.0
2026-08-02 17:31:00,usr_037,listing_viewed,lst_012,0.0
2026-08-02 17:42:00,usr_028,transaction_completed,lst_020,308.05
2026-08-02 17:44:00,usr_024,match_requested,lst_017,0.0
2026-08-02 18:19:00,usr_017,search_executed,,0.0
2026-08-02 18:31:00,usr_038,listing_viewed,lst_002,0.0
2026-08-02 19:13:00,usr_049,listing_viewed,lst_013,0.0
2026-08-02 19:19:00,usr_002,listing_viewed,lst_007,0.0
2026-08-02 20:27:00,usr_045,search_executed,,0.0
2026-08-02 20:39:00,usr_046,listing_viewed,lst_017,0.0
2026-08-02 20:53:00,usr_028,match_requested,lst_012,0.0
2026-08-02 20:55:00,usr_024,search_executed,,0.0
2026-08-02 21:03:00,usr_023,search_executed,,0.0
2026-08-02 21:08:00,usr_017,listing_viewed,lst_016,0.0
2026-08-02 21:08:00,usr_047,search_executed,,0.0
2026-08-02 21:19:00,usr_043,search_executed,,0.0
2026-08-02 21:20:00,usr_010,match_requested,lst_018,0.0
2026-08-02 21:34:00,usr_044,listing_viewed,lst_003,0.0
2026-08-02 21:40:00,usr_050,transaction_completed,lst_011,57.82
2026-08-02 21:45:00,usr_003,search_executed,,0.0
2026-08-02 21:47:00,usr_016,search_executed,,0.0
2026-08-02 23:12:00,usr_009,listing_viewed,lst_006,0.0
2026-08-02 23:29:00,usr_031,search_executed,,0.0
2026-08-03 00:18:00,usr_014,listing_viewed,lst_004,0.0
2026-08-03 00:51:00,usr_034,listing_viewed,lst_011,0.0
2026-08-03 01:43:00,usr_026,listing_viewed,lst_012,0.0
2026-08-03 02:41:00,usr_042,search_executed,,0.0
2026-08-03 02:42:00,usr_018,listing_viewed,lst_007,0.0
2026-08-03 03:21:00,usr_003,listing_viewed,lst_016,0.0
2026-08-03 03:44:00,usr_048,search_executed,,0.0
2026-08-03 03:57:00,usr_032,search_executed,,0.0
2026-08-03 04:04:00,usr_048,listing_viewed,lst_002,0.0
2026-08-03 04:27:00,usr_026,search_executed,,0.0
2026-08-03 04:35:00,usr_002,search_executed,,0.0
2026-08-03 04:35:00,usr_022,search_executed,,0.0
2026-08-03 04:37:00,usr_028,transaction_completed,lst_013,183.04
2026-08-03 04:58:00,usr_037,search_executed,,0.0
2026-08-03 05:06:00,usr_017,search_executed,,0.0
2026-08-03 05:36:00,usr_025,transaction_completed,lst_002,436.09
2026-08-03 06:54:00,usr_030,search_executed,,0.0
2026-08-03 07:45:00,usr_038,listing_viewed,lst_015,0.0
2026-08-03 08:14:00,usr_023,match_requested,lst_014,0.0
2026-08-03 08:59:00,usr_031,search_executed,,0.0
2026-08-03 09:12:00,usr_049,listing_viewed,lst_008,0.0
2026-08-03 09:16:00,usr_008,listing_viewed,lst_002,0.0
2026-08-03 09:20:00,usr_013,listing_viewed,lst_003,0.0
2026-08-03 09:24:00,usr_006,search_executed,,0.0
2026-08-03 09:26:00,usr_022,search_executed,,0.0
2026-08-03 09:32:00,usr_019,listing_viewed,lst_018,0.0
2026-08-03 10:06:00,usr_001,listing_viewed,lst_003,0.0
2026-08-03 10:10:00,usr_030,search_executed,,0.0
2026-08-03 10:16:00,usr_008,listing_viewed,lst_019,0.0
2026-08-03 11:16:00,usr_007,search_executed,,0.0
2026-08-03 11:28:00,usr_044,listing_viewed,lst_015,0.0
2026-08-03 11:32:00,usr_024,search_executed,,0.0
2026-08-03 11:51:00,usr_036,transaction_completed,lst_010,156.89
2026-08-03 11:54:00,usr_042,match_requested,lst_003,0.0
2026-08-03 11:56:00,usr_020,listing_viewed,lst_010,0.0
2026-08-03 12:33:00,usr_007,listing_viewed,lst_012,0.0
2026-08-03 12:36:00,usr_023,match_requested,lst_007,0.0
2026-08-03 12:38:00,usr_046,search_executed,,0.0
2026-08-03 13:16:00,usr_008,match_requested,lst_014,0.0
2026-08-03 14:06:00,usr_001,search_executed,,0.0
2026-08-03 14:24:00,usr_006,search_executed,,0.0
2026-08-03 14:40:00,usr_003,listing_viewed,lst_018,0.0
2026-08-03 14:49:00,usr_022,listing_viewed,lst_017,0.0
2026-08-03 14:58:00,usr_017,transaction_completed,lst_015,238.88
2026-08-03 15:08:00,usr_017,search_executed,,0.0
2026-08-03 15:30:00,usr_039,search_executed,,0.0
2026-08-03 15:48:00,usr_013,search_executed,,0.0
2026-08-03 16:00:00,usr_005,listing_viewed,lst_014,0.0
2026-08-03 16:03:00,usr_029,transaction_completed,lst_012,472.77
2026-08-03 16:36:00,usr_008,listing_viewed,lst_017,0.0
2026-08-03 17:00:00,usr_022,search_executed,,0.0
2026-08-03 17:11:00,usr_050,listing_viewed,lst_020,0.0
2026-08-03 18:27:00,usr_008,match_requested,lst_017,0.0
2026-08-03 18:58:00,usr_039,search_executed,,0.0
2026-08-03 19:13:00,usr_014,search_executed,,0.0
2026-08-03 19:16:00,usr_013,match_requested,lst_008,0.0
2026-08-03 20:10:00,usr_049,search_executed,,0.0
2026-08-03 20:27:00,usr_031,search_executed,,0.0
2026-08-03 20:29:00,usr_011,listing_viewed,lst_012,0.0
2026-08-03 21:10:00,usr_047,transaction_completed,lst_005,267.69
2026-08-03 21:24:00,usr_034,listing_viewed,lst_002,0.0
2026-08-03 21:38:00,usr_017,search_executed,,0.0
2026-08-03 21:39:00,usr_006,match_requested,lst_005,0.0
2026-08-03 22:08:00,usr_012,search_executed,,0.0
2026-08-03 22:25:00,usr_043,search_executed,,0.0
2026-08-03 23:08:00,usr_013,listing_viewed,lst_020,0.0
2026-08-03 23:22:00,usr_006,listing_viewed,lst_003,0.0
2026-08-03 23:26:00,usr_027,match_requested,lst_007,0.0
2026-08-03 23:33:00,usr_037,transaction_completed,lst_005,96.49
2026-08-03 23:40:00,usr_043,listing_viewed,lst_011,0.0
2026-08-03 23:52:00,usr_045,match_requested,lst_006,0.0
2026-08-04 00:04:00,usr_036,transaction_completed,lst_006,229.04
2026-08-04 00:36:00,usr_001,match_requested,lst_004,0.0
2026-08-04 00:43:00,usr_001,listing_viewed,lst_005,0.0
2026-08-04 01:00:00,usr_043,listing_viewed,lst_018,0.0
2026-08-04 01:53:00,usr_002,listing_viewed,lst_016,0.0
2026-08-04 02:00:00,usr_046,transaction_completed,lst_001,147.05
2026-08-04 02:25:00,usr_042,search_executed,,0.0
2026-08-04 02:28:00,usr_008,search_executed,,0.0
2026-08-04 02:51:00,usr_025,listing_viewed,lst_004,0.0
2026-08-04 03:24:00,usr_029,listing_viewed,lst_008,0.0
2026-08-04 03:43:00,usr_024,match_requested,lst_016,0.0
2026-08-04 03:44:00,usr_049,match_requested,lst_002,0.0
2026-08-04 03:47:00,usr_037,search_executed,,0.0
2026-08-04 03:48:00,usr_037,match_requested,lst_009,0.0
2026-08-04 04:06:00,usr_012,match_requested,lst_005,0.0
2026-08-04 04:51:00,usr_016,search_executed,,0.0
2026-08-04 04:52:00,usr_010,search_executed,,0.0
2026-08-04 04:52:00,usr_047,search_executed,,0.0
2026-08-04 05:22:00,usr_049,search_executed,,0.0
2026-08-04 05:28:00,usr_047,listing_viewed,lst_007,0.0
2026-08-04 05:53:00,usr_011,search_executed,,0.0
2026-08-04 05:55:00,usr_014,match_requested,lst_011,0.0
2026-08-04 06:55:00,usr_033,listing_viewed,lst_019,0.0
2026-08-04 07:12:00,usr_019,listing_viewed,lst_005,0.0
2026-08-04 07:40:00,usr_013,search_executed,,0.0
2026-08-04 07:48:00,usr_036,match_requested,lst_011,0.0
2026-08-04 08:05:00,usr_039,match_requested,lst_014,0.0
2026-08-04 08:06:00,usr_015,listing_viewed,lst_001,0.0
2026-08-04 08:59:00,usr_045,search_executed,,0.0
2026-08-04 09:13:00,usr_016,transaction_completed,lst_007,65.28
2026-08-04 09:33:00,usr_033,listing_viewed,lst_001,0.0
2026-08-04 10:11:00,usr_011,search_executed,,0.0
2026-08-04 10:44:00,usr_041,search_executed,,0.0
2026-08-04 10:48:00,usr_030,transaction_completed,lst_020,421.91
2026-08-04 11:25:00,usr_031,search_executed,,0.0
2026-08-04 12:16:00,usr_035,search_executed,,0.0
2026-08-04 13:04:00,usr_039,listing_viewed,lst_005,0.0
2026-08-04 13:05:00,usr_006,search_executed,,0.0
2026-08-04 13:15:00,usr_030,listing_viewed,lst_019,0.0
2026-08-04 13:24:00,usr_033,match_requested,lst_018,0.0
2026-08-04 13:24:00,usr_018,search_executed,,0.0
2026-08-04 13:26:00,usr_029,search_executed,,0.0
2026-08-04 13:26:00,usr_003,match_requested,lst_014,0.0
2026-08-04 13:36:00,usr_001,listing_viewed,lst_011,0.0
2026-08-04 14:19:00,usr_046,search_executed,,0.0
2026-08-04 14:28:00,usr_047,search_executed,,0.0
2026-08-04 14:31:00,usr_021,search_executed,,0.0
2026-08-04 15:18:00,usr_026,search_executed,,0.0
2026-08-04 15:36:00,usr_034,search_executed,,0.0
2026-08-04 16:21:00,usr_039,listing_viewed,lst_019,0.0
2026-08-04 17:03:00,usr_013,listing_viewed,lst_017,0.0
2026-08-04 17:08:00,usr_036,listing_viewed,lst_020,0.0
2026-08-04 17:12:00,usr_032,match_requested,lst_015,0.0
2026-08-04 17:30:00,usr_005,search_executed,,0.0
2026-08-04 17:33:00,usr_004,listing_viewed,lst_010,0.0
2026-08-04 17:47:00,usr_015,listing_viewed,lst_009,0.0
2026-08-04 17:52:00,usr_014,listing_viewed,lst_003,0.0
2026-08-04 17:53:00,usr_004,transaction_completed,lst_014,413.78
2026-08-04 18:01:00,usr_034,search_executed,,0.0
2026-08-04 18:15:00,usr_011,search_executed,,0.0
2026-08-04 18:20:00,usr_025,match_requested,lst_006,0.0
2026-08-04 18:45:00,usr_019,match_requested,lst_010,0.0
2026-08-04 19:03:00,usr_008,search_executed,,0.0
2026-08-04 19:08:00,usr_022,search_executed,,0.0
2026-08-04 19:15:00,usr_041,search_executed,,0.0
2026-08-04 19:26:00,usr_016,listing_viewed,lst_003,0.0
2026-08-04 19:30:00,usr_047,listing_viewed,lst_017,0.0
2026-08-04 20:14:00,usr_030,listing_viewed,lst_007,0.0
2026-08-04 20:16:00,usr_040,transaction_completed,lst_012,173.28
2026-08-04 20:21:00,usr_019,listing_viewed,lst_013,0.0
2026-08-04 20:47:00,usr_015,match_requested,lst_001,0.0
2026-08-04 21:08:00,usr_049,search_executed,,0.0
2026-08-04 21:12:00,usr_035,transaction_completed,lst_018,122.36
2026-08-04 21:16:00,usr_042,match_requested,lst_003,0.0
2026-08-04 21:38:00,usr_017,listing_viewed,lst_003,0.0
2026-08-04 21:46:00,usr_001,search_executed,,0.0
2026-08-04 21:51:00,usr_036,match_requested,lst_002,0.0
2026-08-04 22:50:00,usr_008,transaction_completed,lst_019,280.71
2026-08-04 22:59:00,usr_033,listing_viewed,lst_016,0.0
2026-08-04 23:24:00,usr_010,listing_viewed,lst_009,0.0
2026-08-04 23:32:00,usr_021,search_executed,,0.0
2026-08-04 23:32:00,usr_012,search_executed,,0.0
2026-08-05 00:05:00,usr_003,listing_viewed,lst_008,0.0
2026-08-05 00:31:00,usr_006,search_executed,,0.0
2026-08-05 00:37:00,usr_004,search_executed,,0.0
2026-08-05 01:58:00,usr_002,search_executed,,0.0
2026-08-05 02:12:00,usr_042,search_executed,,0.0
2026-08-05 02:39:00,usr_023,listing_viewed,lst_019,0.0
2026-08-05 03:37:00,usr_042,listing_viewed,lst_019,0.0
2026-08-05 04:02:00,usr_023,search_executed,,0.0
2026-08-05 04:28:00,usr_031,search_executed,,0.0
2026-08-05 04:31:00,usr_008,search_executed,,0.0
2026-08-05 04:42:00,usr_017,search_executed,,0.0
2026-08-05 05:18:00,usr_015,search_executed,,0.0
2026-08-05 06:02:00,usr_034,listing_viewed,lst_002,0.0
2026-08-05 06:12:00,usr_020,listing_viewed,lst_016,0.0
2026-08-05 06:30:00,usr_010,search_executed,,0.0
2026-08-05 06:46:00,usr_047,search_executed,,0.0
2026-08-05 07:03:00,usr_027,match_requested,lst_001,0.0
2026-08-05 07:04:00,usr_028,match_requested,lst_008,0.0
2026-08-05 07:10:00,usr_041,search_executed,,0.0
2026-08-05 07:53:00,usr_014,search_executed,,0.0
2026-08-05 08:17:00,usr_018,listing_viewed,lst_008,0.0
2026-08-05 08:47:00,usr_026,transaction_completed,lst_020,288.34
2026-08-05 08:47:00,usr_033,search_executed,,0.0
2026-08-05 08:54:00,usr_045,search_executed,,0.0
2026-08-05 09:16:00,usr_044,search_executed,,0.0
2026-08-05 09:16:00,usr_047,match_requested,lst_011,0.0
2026-08-05 09:27:00,usr_017,listing_viewed,lst_020,0.0
2026-08-05 09:53:00,usr_050,transaction_completed,lst_015,486.0
2026-08-05 09:59:00,usr_015,match_requested,lst_005,0.0
2026-08-05 10:11:00,usr_047,listing_viewed,lst_015,0.0
2026-08-05 10:16:00,usr_012,search_executed,,0.0
2026-08-05 10:36:00,usr_044,search_executed,,0.0
2026-08-05 11:00:00,usr_033,search_executed,,0.0
2026-08-05 11:47:00,usr_018,search_executed,,0.0
2026-08-05 11:57:00,usr_002,search_executed,,0.0
2026-08-05 12:13:00,usr_043,transaction_completed,lst_017,174.59
2026-08-05 12:26:00,usr_047,search_executed,,0.0
2026-08-05 12:48:00,usr_019,listing_viewed,lst_012,0.0
2026-08-05 13:30:00,usr_050,search_executed,,0.0
2026-08-05 13:45:00,usr_012,search_executed,,0.0
2026-08-05 14:00:00,usr_046,search_executed,,0.0
2026-08-05 14:17:00,usr_048,match_requested,lst_004,0.0
2026-08-05 14:19:00,usr_008,search_executed,,0.0
2026-08-05 14:55:00,usr_046,match_requested,lst_012,0.0
2026-08-05 15:08:00,usr_032,listing_viewed,lst_019,0.0
2026-08-05 15:44:00,usr_007,listing_viewed,lst_013,0.0
2026-08-05 16:56:00,usr_013,match_requested,lst_007,0.0
2026-08-05 17:29:00,usr_029,search_executed,,0.0
2026-08-05 17:29:00,usr_014,search_executed,,0.0
2026-08-05 17:39:00,usr_026,search_executed,,0.0
2026-08-05 18:41:00,usr_038,listing_viewed,lst_018,0.0
2026-08-05 18:52:00,usr_015,match_requested,lst_004,0.0
2026-08-05 18:58:00,usr_036,listing_viewed,lst_011,0.0
2026-08-05 19:38:00,usr_002,search_executed,,0.0
2026-08-05 19:41:00,usr_035,search_executed,,0.0
2026-08-05 19:41:00,usr_015,listing_viewed,lst_002,0.0
2026-08-05 19:49:00,usr_002,search_executed,,0.0
2026-08-05 20:06:00,usr_040,listing_viewed,lst_013,0.0
2026-08-05 20:26:00,usr_030,search_executed,,0.0
2026-08-05 20:45:00,usr_021,listing_viewed,lst_020,0.0
2026-08-05 20:49:00,usr_012,search_executed,,0.0
2026-08-05 20:50:00,usr_008,listing_viewed,lst_010,0.0
2026-08-05 20:54:00,usr_026,listing_viewed,lst_018,0.0
2026-08-05 21:07:00,usr_032,search_executed,,0.0
2026-08-05 21:09:00,usr_020,search_executed,,0.0
2026-08-05 21:39:00,usr_032,match_requested,lst_004,0.0
2026-08-05 21:42:00,usr_047,search_executed,,0.0
2026-08-05 22:03:00,usr_035,transaction_completed,lst_012,113.05
2026-08-05 22:19:00,usr_007,listing_viewed,lst_008,0.0
2026-08-05 22:34:00,usr_004,listing_viewed,lst_006,0.0
2026-08-05 22:35:00,usr_001,search_executed,,0.0
2026-08-05 23:44:00,usr_037,listing_viewed,lst_012,0.0
2026-08-05 23:46:00,usr_018,search_executed,,0.0
2026-08-05 23:50:00,usr_037,listing_viewed,lst_010,0.0
2026-08-05 23:56:00,usr_014,transaction_completed,lst_011,252.88
2026-08-06 00:40:00,usr_026,match_requested,lst_015,0.0
2026-08-06 00:53:00,usr_029,search_executed,,0.0
2026-08-06 01:10:00,usr_029,search_executed,,0.0
2026-08-06 01:14:00,usr_034,search_executed,,0.0
2026-08-06 01:27:00,usr_047,search_executed,,0.0
2026-08-06 01:34:00,usr_041,search_executed,,0.0
2026-08-06 02:19:00,usr_028,listing_viewed,lst_014,0.0
2026-08-06 02:30:00,usr_016,search_executed,,0.0
2026-08-06 02:48:00,usr_022,match_requested,lst_004,0.0
2026-08-06 03:12:00,usr_001,search_executed,,0.0
2026-08-06 03:20:00,usr_035,listing_viewed,lst_016,0.0
2026-08-06 03:24:00,usr_001,transaction_completed,lst_007,345.7
2026-08-06 03:39:00,usr_031,listing_viewed,lst_012,0.0
2026-08-06 03:41:00,usr_030,listing_viewed,lst_010,0.0
2026-08-06 04:09:00,usr_025,transaction_completed,lst_017,427.25
2026-08-06 04:15:00,usr_047,transaction_completed,lst_002,164.37
2026-08-06 04:33:00,usr_029,match_requested,lst_015,0.0
2026-08-06 04:43:00,usr_050,search_executed,,0.0
2026-08-06 05:13:00,usr_002,listing_viewed,lst_015,0.0
2026-08-06 05:54:00,usr_049,search_executed,,0.0
2026-08-06 06:00:00,usr_043,listing_viewed,lst_007,0.0
2026-08-06 07:09:00,usr_023,listing_viewed,lst_008,0.0
2026-08-06 07:21:00,usr_044,search_executed,,0.0
2026-08-06 07:37:00,usr_035,match_requested,lst_017,0.0
2026-08-06 09:21:00,usr_013,match_requested,lst_019,0.0
2026-08-06 09:36:00,usr_028,search_executed,,0.0
2026-08-06 10:04:00,usr_038,listing_viewed,lst_015,0.0
2026-08-06 10:05:00,usr_048,search_executed,,0.0
2026-08-06 10:13:00,usr_047,listing_viewed,lst_019,0.0
2026-08-06 10:32:00,usr_048,search_executed,,0.0
2026-08-06 10:48:00,usr_025,match_requested,lst_009,0.0
2026-08-06 11:32:00,usr_016,listing_viewed,lst_015,0.0
2026-08-06 11:41:00,usr_017,search_executed,,0.0
2026-08-06 12:23:00,usr_040,listing_viewed,lst_019,0.0
2026-08-06 12:50:00,usr_032,transaction_completed,lst_014,423.6
2026-08-06 12:59:00,usr_018,search_executed,,0.0
2026-08-06 13:12:00,usr_036,match_requested,lst_001,0.0
2026-08-06 13:16:00,usr_048,search_executed,,0.0
2026-08-06 13:26:00,usr_009,match_requested,lst_012,0.0
2026-08-06 13:27:00,usr_050,listing_viewed,lst_018,0.0
2026-08-06 13:30:00,usr_018,transaction_completed,lst_009,392.68
2026-08-06 13:52:00,usr_002,listing_viewed,lst_009,0.0
2026-08-06 13:58:00,usr_003,search_executed,,0.0
2026-08-06 14:04:00,usr_026,search_executed,,0.0
2026-08-06 14:16:00,usr_024,search_executed,,0.0
2026-08-06 14:33:00,usr_001,search_executed,,0.0
2026-08-06 15:50:00,usr_014,listing_viewed,lst_013,0.0
2026-08-06 15:52:00,usr_037,search_executed,,0.0
2026-08-06 15:55:00,usr_025,search_executed,,0.0
2026-08-06 16:13:00,usr_015,listing_viewed,lst_017,0.0
2026-08-06 16:29:00,usr_007,search_executed,,0.0
2026-08-06 16:30:00,usr_039,listing_viewed,lst_001,0.0
2026-08-06 16:34:00,usr_032,listing_viewed,lst_013,0.0
2026-08-06 16:35:00,usr_015,match_requested,lst_017,0.0
2026-08-06 16:42:00,usr_013,transaction_completed,lst_007,496.03
2026-08-06 17:06:00,usr_014,search_executed,,0.0
2026-08-06 17:10:00,usr_015,match_requested,lst_004,0.0
2026-08-06 17:25:00,usr_047,search_executed,,0.0
2026-08-06 17:38:00,usr_041,listing_viewed,lst_015,0.0
2026-08-06 18:26:00,usr_041,listing_viewed,lst_018,0.0
2026-08-06 18:28:00,usr_023,listing_viewed,lst_012,0.0
2026-08-06 18:39:00,usr_018,listing_viewed,lst_003,0.0
2026-08-06 18:42:00,usr_022,search_executed,,0.0
2026-08-06 19:53:00,usr_026,search_executed,,0.0
2026-08-06 20:15:00,usr_047,search_executed,,0.0
2026-08-06 20:42:00,usr_007,listing_viewed,lst_016,0.0
2026-08-06 20:45:00,usr_035,search_executed,,0.0
2026-08-06 21:05:00,usr_030,search_executed,,0.0
2026-08-06 21:42:00,usr_035,match_requested,lst_013,0.0
2026-08-06 21:59:00,usr_047,listing_viewed,lst_019,0.0
2026-08-06 22:29:00,usr_012,search_executed,,0.0
2026-08-06 22:34:00,usr_012,transaction_completed,lst_008,277.65
2026-08-06 22:57:00,usr_007,search_executed,,0.0
2026-08-06 23:29:00,usr_027,listing_viewed,lst_011,0.0
2026-08-07 00:26:00,usr_042,search_executed,,0.0
2026-08-07 00:29:00,usr_039,listing_viewed,lst_006,0.0
2026-08-07 00:44:00,usr_042,match_requested,lst_002,0.0
2026-08-07 01:05:00,usr_001,match_requested,lst_020,0.0
2026-08-07 02:06:00,usr_025,match_requested,lst_006,0.0
2026-08-07 02:20:00,usr_029,search_executed,,0.0
2026-08-07 02:35:00,usr_031,listing_viewed,lst_019,0.0
2026-08-07 02:41:00,usr_012,listing_viewed,lst_007,0.0
2026-08-07 03:00:00,usr_007,search_executed,,0.0
2026-08-07 04:04:00,usr_024,transaction_completed,lst_003,133.46
2026-08-07 04:21:00,usr_008,search_executed,,0.0
2026-08-07 04:21:00,usr_008,listing_viewed,lst_005,0.0
2026-08-07 04:47:00,usr_049,listing_viewed,lst_006,0.0
2026-08-07 05:05:00,usr_035,search_executed,,0.0
2026-08-07 05:06:00,usr_035,search_executed,,0.0
2026-08-07 05:14:00,usr_035,listing_viewed,lst_012,0.0
2026-08-07 05:18:00,usr_038,search_executed,,0.0
2026-08-07 05:27:00,usr_029,match_requested,lst_002,0.0
2026-08-07 05:56:00,usr_011,match_requested,lst_010,0.0
2026-08-07 05:56:00,usr_035,listing_viewed,lst_003,0.0
2026-08-07 07:02:00,usr_027,listing_viewed,lst_015,0.0
2026-08-07 07:04:00,usr_037,search_executed,,0.0
2026-08-07 07:27:00,usr_032,transaction_completed,lst_012,224.68
2026-08-07 07:45:00,usr_006,transaction_completed,lst_016,357.47
2026-08-07 08:26:00,usr_044,transaction_completed,lst_007,124.48
2026-08-07 08:55:00,usr_015,search_executed,,0.0
2026-08-07 09:01:00,usr_023,listing_viewed,lst_019,0.0
2026-08-07 09:04:00,usr_025,search_executed,,0.0
2026-08-07 09:24:00,usr_001,search_executed,,0.0
2026-08-07 09:28:00,usr_022,listing_viewed,lst_002,0.0
2026-08-07 10:28:00,usr_024,search_executed,,0.0
2026-08-07 11:28:00,usr_039,listing_viewed,lst_002,0.0
2026-08-07 11:33:00,usr_004,listing_viewed,lst_001,0.0
2026-08-07 11:48:00,usr_035,match_requested,lst_011,0.0
2026-08-07 11:52:00,usr_003,listing_viewed,lst_008,0.0
2026-08-07 12:37:00,usr_023,transaction_completed,lst_019,316.07
2026-08-07 13:17:00,usr_037,search_executed,,0.0
2026-08-07 13:52:00,usr_005,search_executed,,0.0
2026-08-07 13:57:00,usr_024,match_requested,lst_008,0.0
2026-08-07 14:36:00,usr_032,listing_viewed,lst_019,0.0
2026-08-07 15:15:00,usr_030,match_requested,lst_007,0.0
2026-08-07 15:16:00,usr_001,listing_viewed,lst_006,0.0
2026-08-07 15:36:00,usr_039,listing_viewed,lst_013,0.0
2026-08-07 15:39:00,usr_020,listing_viewed,lst_018,0.0
2026-08-07 16:31:00,usr_041,listing_viewed,lst_008,0.0
2026-08-07 16:45:00,usr_034,transaction_completed,lst_017,95.99
2026-08-07 17:48:00,usr_011,match_requested,lst_004,0.0
2026-08-07 18:32:00,usr_005,listing_viewed,lst_002,0.0
2026-08-07 18:42:00,usr_001,listing_viewed,lst_008,0.0
2026-08-07 18:46:00,usr_031,search_executed,,0.0
2026-08-07 18:48:00,usr_017,search_executed,,0.0
2026-08-07 21:00:00,usr_017,listing_viewed,lst_014,0.0
2026-08-07 21:07:00,usr_042,match_requested,lst_011,0.0
2026-08-07 21:11:00,usr_025,match_requested,lst_003,0.0
2026-08-07 22:17:00,usr_036,listing_viewed,lst_019,0.0
2026-08-07 22:29:00,usr_039,search_executed,,0.0
2026-08-07 22:41:00,usr_015,listing_viewed,lst_008,0.0
2026-08-07 23:27:00,usr_049,listing_viewed,lst_012,0.0
2026-08-07 23:28:00,usr_022,match_requested,lst_007,0.0
2026-08-07 23:35:00,usr_039,listing_viewed,lst_019,0.0
